participant_id,inhale_event_t_sec
20260309200920,21.032420873641968
20260309200920,27.03706932067871
