participant_id,inhale_event_t_sec
20260308184911,20.401439905166626
20260308184911,25.254174947738647
20260308184911,29.898990154266357
20260308184911,36.018301010131836
20260308184911,41.973933696746826
20260308184911,47.31371521949768
20260308184911,52.529189109802246
20260308184911,57.533347606658936
20260308184911,62.20238518714905
20260308184911,66.66061925888062
20260308184911,70.8668954372406
20260308184911,74.87425637245178
20260308184911,78.89098191261292
20260308184911,82.93780064582825
20260308184911,87.7072229385376
20260308184911,96.21281671524048
20260308184911,101.34915161132812
20260308184911,105.30182433128357
20260308184911,109.51647448539734
