participant_id,inhale_event_t_sec
20260308184545,20.4905002117157
20260308184545,25.60153365135193
20260308184545,28.718756437301636
20260308184545,31.744638204574585
20260308184545,35.41878318786621
20260308184545,38.47053384780884
20260308184545,41.21378302574158
20260308184545,43.68852758407593
