participant_id,inhale_event_t_sec
20260309200955,21.18757963180542
20260309200955,22.137895822525024
20260309200955,23.178232669830322
20260309200955,25.88164520263672
20260309200955,28.310478925704956
20260309200955,30.346203327178955
20260309200955,31.345713138580322
20260309200955,35.41713833808899
20260309200955,36.228015661239624
20260309200955,37.13339114189148
20260309200955,38.910953760147095
20260309200955,40.07020831108093
20260309200955,42.12634253501892
20260309200955,43.25694274902344
20260309200955,46.00115942955017
20260309200955,47.59052038192749
20260309200955,48.97076058387756
20260309200955,50.023443937301636
20260309200955,50.82633900642395
20260309200955,52.19433903694153
20260309200955,53.287944316864014
20260309200955,55.52845811843872
20260309200955,56.59767293930054
20260309200955,57.51517629623413
20260309200955,62.95046257972717
20260309200955,70.7205822467804
20260309200955,71.52749824523926
20260309200955,74.34980416297913
20260309200955,82.71376943588257
20260309200955,92.58925223350525
20260309200955,95.51389908790588
20260309200955,101.04759573936462
