participant_id,inhale_event_t_sec
20260308181519,20.918293476104736
20260308181519,31.954001665115356
20260308181519,44.13757109642029
20260308181519,53.86397838592529
20260308181519,59.92129111289978
20260308181519,64.69278073310852
