participant_id,inhale_event_t_sec
20260308184816,20.471911191940308
20260308184816,24.874196529388428
20260308184816,29.244521856307983
20260308184816,33.549113035202026
20260308184816,37.72562646865845
